{"val/d_real_loss":0.27444326877593994,"val/d_loss":0.23980063199996948,"epoch":19,"_wandb":{"runtime":592},"train/d_loss":0.24371033906936646,"val/d_fake_loss":0.20515812933444977,"_runtime":592,"train/d_fake_loss":0.2422681599855423,"trainer/global_step":34379,"train/d_real_loss":0.24515250325202942,"train/g_loss":0.2707836925983429,"val/g_loss":0.30518200993537903,"_step":747,"gen_imgs":{"height":32,"format":"png","count":64,"filenames":["media/images/gen_imgs_747_49f43a2aa53e51776fc0.png","media/images/gen_imgs_747_ad8d00999816b9c879d4.png","media/images/gen_imgs_747_5787cd22558f8f0436fc.png","media/images/gen_imgs_747_261bbb7c13f42303e2f3.png","media/images/gen_imgs_747_23774d43cf7608c43da8.png","media/images/gen_imgs_747_6fc22cbba07fbdbc2120.png","media/images/gen_imgs_747_4cf0301574a879faa2d7.png","media/images/gen_imgs_747_3f8e57f80765aad715c8.png","media/images/gen_imgs_747_d3dc7a06cc94f5147811.png","media/images/gen_imgs_747_75494be1cf407d077910.png","media/images/gen_imgs_747_6ebb0cdf0bf8f43fefb1.png","media/images/gen_imgs_747_de7bcf07787d5e3c6ada.png","media/images/gen_imgs_747_dc41cc61096507d0da9f.png","media/images/gen_imgs_747_6d4ee8be0d19cb800576.png","media/images/gen_imgs_747_728675da85fc1a1665ed.png","media/images/gen_imgs_747_9f1cd430ac1f06c0587a.png","media/images/gen_imgs_747_7f2db68cc715487228ef.png","media/images/gen_imgs_747_20d583613261cda5de5f.png","media/images/gen_imgs_747_c92e0ae2b3ad84a7e9d2.png","media/images/gen_imgs_747_4bb0c6fc506bef4ed3d3.png","media/images/gen_imgs_747_cc0673d5502e637dcd43.png","media/images/gen_imgs_747_ac3b190c544ec479f3b4.png","media/images/gen_imgs_747_8f47ab0a2b36d1161efc.png","media/images/gen_imgs_747_3c8f82218f6e5d488bf6.png","media/images/gen_imgs_747_396a4d89e948770396dd.png","media/images/gen_imgs_747_77da02d27c854d6edcea.png","media/images/gen_imgs_747_a980e6dc75d6ac25749a.png","media/images/gen_imgs_747_449cbc145a97538370b4.png","media/images/gen_imgs_747_b5f4a7c24fa075e4e1a2.png","media/images/gen_imgs_747_cf4ccbf37e6066dde40b.png","media/images/gen_imgs_747_e624557b1d62b9150eaa.png","media/images/gen_imgs_747_e04f4572a9e3dd0d53f2.png","media/images/gen_imgs_747_762a9c5bfcf5be9c5045.png","media/images/gen_imgs_747_41ceb732d205dcd91652.png","media/images/gen_imgs_747_1e2ff6484f8ad4f02287.png","media/images/gen_imgs_747_13c77d7585e7bc64fa5c.png","media/images/gen_imgs_747_17eab79907365f0f7c9f.png","media/images/gen_imgs_747_0ceb30e296bc9b79d90f.png","media/images/gen_imgs_747_724e198751df1dc1ccae.png","media/images/gen_imgs_747_0fb1ce6d874f25484a01.png","media/images/gen_imgs_747_4cc0a133f1b5cd227800.png","media/images/gen_imgs_747_695a7bca60a87d2c2866.png","media/images/gen_imgs_747_6e7ef074486ad5bfeb51.png","media/images/gen_imgs_747_82194f5f7f001a80c899.png","media/images/gen_imgs_747_6a0239b3c0fc64c174f1.png","media/images/gen_imgs_747_defaf10ffa1ae1d2ed4a.png","media/images/gen_imgs_747_10e041a4feb5ed745a8b.png","media/images/gen_imgs_747_216ae7bf961769620be1.png","media/images/gen_imgs_747_89ddca23d5dc2db74024.png","media/images/gen_imgs_747_bdb39146ec4f36c92353.png","media/images/gen_imgs_747_f4864ec85edd63aa03c9.png","media/images/gen_imgs_747_72c45b9b048a281beb2a.png","media/images/gen_imgs_747_db0abe23568683f0de98.png","media/images/gen_imgs_747_f0bffb63f38f9b305296.png","media/images/gen_imgs_747_60527c3181a12e4eff33.png","media/images/gen_imgs_747_2df4b11c65131c6902e2.png","media/images/gen_imgs_747_9f8d719da38fdfdb2a8a.png","media/images/gen_imgs_747_d6f41d7ba50a4cc1413d.png","media/images/gen_imgs_747_c891c91426237a925c2b.png","media/images/gen_imgs_747_d7d86c940f1da9d39850.png","media/images/gen_imgs_747_3151e23b8712d1a7ad0b.png","media/images/gen_imgs_747_3a998ff5d208e6384124.png","media/images/gen_imgs_747_9474a690c559659af822.png","media/images/gen_imgs_747_3082056fabf0ba498cf4.png"],"captions":["Label: 5","Label: 9","Label: 9","Label: 8","Label: 4","Label: 9","Label: 0","Label: 4","Label: 1","Label: 6","Label: 8","Label: 8","Label: 0","Label: 2","Label: 8","Label: 3","Label: 2","Label: 7","Label: 2","Label: 0","Label: 6","Label: 3","Label: 4","Label: 6","Label: 8","Label: 2","Label: 6","Label: 5","Label: 7","Label: 9","Label: 6","Label: 7","Label: 0","Label: 3","Label: 9","Label: 7","Label: 8","Label: 5","Label: 5","Label: 0","Label: 4","Label: 5","Label: 3","Label: 6","Label: 2","Label: 3","Label: 1","Label: 7","Label: 6","Label: 0","Label: 2","Label: 7","Label: 0","Label: 1","Label: 9","Label: 8","Label: 3","Label: 0","Label: 2","Label: 5","Label: 2","Label: 1","Label: 3","Label: 1"],"_type":"images/separated","width":32},"_timestamp":1.768112418954935e+09}